producto_url,nombre,precio_lista_habitual,precio_oferta_final,precio_sin_impuestos,memoria_ram,camara_frontal,fecha_scrapeo,Tipo de pantalla,Tamaño de la pantalla,Resistente al agua,Velocidad de la CPU,Tipo de procesador,Batería,Cámara trasera,Dual SIM,Memoria externa incluida,Carga rápida,Lector de huella,Conexión Bluetooth,NFC,GPS integrado,Información adicional,Tecnología AI
https://www.cetrogar.com.ar/celular-realme-n50-3-64gb-sky-blue.html,"Celular Realme N50 6.7"" 3GB 64GB sky blue",$97.999,$149.999,$123.966,6GB,5 MP,2025-06-25,HD,"6.7""",Sí,2x1.8 GHz Cortex-A75 & 6x1.8 GHz Cortex-A55,Octa Core,5000 mAh,13,Sí,No,No,Sí,Sí,No,Sí,,
https://www.cetrogar.com.ar/celular-realme-note-50-6-74-3-64gb-midnight-black.html,"Celular Realme Note 50 6.74"" 3GB 64GB midnight black",$96.299,$149.999,$123.966,3GB,5MP,2025-06-25,LCD,6.74”,Sí,,Octa Core,5000Mhz,13MP,Sí,No,No,Sí,Sí,No,Sí,,
https://www.cetrogar.com.ar/celular-motorola-g04s-6-55-4-64gb-azul.html,"Celular Motorola G04s 6.55"" 4GB 64GB azul",$279.999,$179.999,$148.759,4GB,5 MP (77°) F2.2,2025-06-25,IPS,"6.55""",No,1.6 GHz,Octa Core,5000mAH,50 MP (74.26°) F1.8,No,No,Sí,Sí,Sí,No,Sí,,
https://www.cetrogar.com.ar/celular-motorola-g04s-6-55-4-64gb-verde.html,"Celular Motorola G04s 6.55"" 4GB 64GB verde",$279.999,$179.999,$148.759,4GB,5 MP (77°) F2.2,2025-06-25,IPS,"6.55""",No,1.6 GHz,Octa Core,5000mAH,50 MP (74.26°) F1.8,No,No,Sí,Sí,Sí,No,Sí,,
https://www.cetrogar.com.ar/celular-motorola-g04s-6-55-4-64gb-negro.html,"Celular Motorola G04s 6.55"" 4GB 64GB negro",$279.999,$179.999,$148.759,4GB,5 MP (77°) F2.2,2025-06-25,IPS,"6.55""",No,1.6 GHz,Octa Core,5000mAH,50 MP (74.26°) F1.8,No,No,Sí,Sí,Sí,No,Sí,,
https://www.cetrogar.com.ar/celular-xiaomi-a3-6-7-3-64gb-azul.html,"Celular Xiaomi A3 6.7"" 3GB 64GB azul",$199.999,$189.999,$157.023,3GB,5MP,2025-06-25,IPS,"6.7""",No,4x2.2 GHz,Octa Core,500mAh,8MP,Sí,No,No,Sí,Sí,No,Sí,,
https://www.cetrogar.com.ar/celular-xiaomi-a3-6-7-3-64gb-verde.html,"Celular Xiaomi A3 6.7"" 3GB 64GB verde",$199.999,$189.999,$157.023,3GB,5MP,2025-06-25,IPS,"6.7""",No,4x2.2 GHz,Octa Core,500mAh,8MP,Sí,No,No,Sí,Sí,No,Sí,,
https://www.cetrogar.com.ar/celular-xiaomi-a3-6-7-3-64gb-negro.html,"Celular Xiaomi A3 6.7"" 3GB 64GB negro",$199.999,$189.999,$157.023,3GB,5MP,2025-06-25,IPS,"6.7""",No,4x2.2 GHz,Octa Core,500mAh,8MP,Sí,No,No,Sí,Sí,No,Sí,,
https://www.cetrogar.com.ar/celular-samsung-galaxy-a06-6-7-4-64gb-light-blue.html,"Celular Samsung Galaxy A06 6.7"" 4GB 64GB Light blue",$224.999,$199.999,$165.288,4GB,8.0 MP,2025-06-25,PLS LCD,"6.7""",No,"2GHz,1.8GHz",Octa Core,5.000 mAh,50.0 MP + 2.0 MP,No,No,Sí,Sí,Sí,No,Sí,,
https://www.cetrogar.com.ar/celular-samsung-galaxy-a06-6-7-4-64gb-black.html,"Celular Samsung Galaxy A06 6.7"" 4GB 64GB Black",$224.999,$199.999,$165.288,4GB,8.0 MP,2025-06-25,PLS LCD,"6.7""",No,"2GHz,1.8GHz",Octa Core,5.000 mAh,50.0 MP + 2.0 MP,No,No,Sí,Sí,Sí,No,Sí,,
https://www.cetrogar.com.ar/celular-zte-blade-a75-6-6-5g-4-gb-4-gb-fusion-ram.html,"Celular ZTE BLADE A75 6.6"" 5G 4GB 4GB FUSION RAM",$319.999,$199.999,$165.288,4GB,5MP,2025-06-25,IPS,"6.6""",No,(2.2 GHz x 4) + (2.0 GHz x 4),Octa Core,5000 mAh,50 MP + 2 MP,No,No,No,Sí,Sí,No,Sí,,
https://www.cetrogar.com.ar/celular-samsung-galaxy-a06-6-7-4-128gb-light-blue.html,"Celular Samsung Galaxy A06 6.7"" 4GB 128GB Light blue",$274.999,$204.999,$169.420,4GB,8.0 MP,2025-06-25,PLS LCD,"6.7""",No,"2GHz,1.8GHz",Octa Core,5.000 mAh,50.0 MP + 2.0 MP,No,No,Sí,Sí,Sí,No,Sí,,
https://www.cetrogar.com.ar/celular-tecno-mobile-kl5-spark-30c-4gb-256gb-magic-skin-green.html,Celular Tecno Mobile KL5 Spark 30C 4GB 256GB Magic Skin Green,$399.999,$209.999,$173.552,4GB,8MP,2025-06-25,LCD,"6.67""",No,820Ghz,,5000mAh,50M+AI,Sí,No,Sí,Sí,Sí,No,Sí,,
https://www.cetrogar.com.ar/celular-tecno-mobile-kl5-spark-30c-4gb-256gb-orbit-black.html,Celular Tecno Mobile KL5 Spark 30C 4GB 256GB Orbit Black,$399.999,$209.999,$173.552,4GB,8MP,2025-06-25,LCD,"6.67""",No,820Ghz,,5000mAh,50M+AI,Sí,No,Sí,Sí,Sí,No,Sí,,
https://www.cetrogar.com.ar/celular-music-nubia-pop-art-6-6-4-128gb.html,"Celular Music Nubia Pop Art 6.6"" 4/128GB",$244.999,$214.999,$177.685,4GB,13MP,2025-06-25,AMOLED,"6.6""",No,1.6 GHz,Quad Core,5000 mAh,50M AF+AI CAMERA,No,No,Sí,No,Sí,No,Sí,,
https://www.cetrogar.com.ar/celular-note-60-blue-4-128gb-voyage-blue.html,"Celular Realme Note 60 6.7"" 4GB 128GB Voyage blue",$4.119,$219.999,$181.817,4GB,5MP,2025-06-25,HD,"6.7""",Sí,1.8 GHz,Octa Core,5000Mhz,32MP,Sí,No,No,Sí,Sí,No,Sí,"Funda, cargador y cable USB",
https://www.cetrogar.com.ar/celular-realme-note-60-black-4-128gb-marble-black.html,"Celular Realme Note 60 6.7"" 4GB 128GB marble black",$26.999,$219.999,$181.817,4GB,5MP,2025-06-25,HD,"6.7""",Sí,1.8 GHz,Octa Core,5000Mhz,32MP,Sí,No,No,Sí,Sí,No,Sí,"Funda, cargador y cable USB",
https://www.cetrogar.com.ar/celular-zte-blade-v50-6-6-4g-256gb-design-beach-green.html,"Celular ZTE BLADE V50 6.6"" 6GB 256GB Design Beach green",$339.999,$219.999,$181.817,6GB,8MP,2025-06-25,FHD,"6.6""",No,1.6 GHz,Octa Core,5000 mAh,50 MP + 2 MP + 2 MP,No,No,Sí,Sí,Sí,No,Sí,,
https://www.cetrogar.com.ar/celular-zte-blade-v50-design-6-6-6gb-10gb-fusion-ram.html,"Celular ZTE Blade V50 Design 6.6"" 6GB 10GB fusión",$339.999,$219.999,$181.817,6GB,5MP,2025-06-25,Full HD,"6.6""",No,1.6GHz,Octa Core,5000 mAh,50 MP + 2 MP + 2 MP,No,No,Sí,Sí,Sí,No,Sí,,
https://www.cetrogar.com.ar/noblex-n62-64gb-negro-4gb-ram.html,Noblex N62 64GB Negro 4GB RAM,$389.999,$246.308,$203.560,4GB,8MP,2025-06-25,HD,"6.55""",,,,5000,Sobre 40MP,Sí,,,Sí,Sí,,,,
https://www.cetrogar.com.ar/celular-motorola-g15-6-7-4-128gb-naranja.html,"Celular Motorola G15 6.7"" 4GB 128GB naranja",$6.859,$249.999,$206.610,4GB,8 MP (80°) F2.05,2025-06-25,LTPS,"6.7""",No,2.0 GHz,Octa Core,5200mAH,"""Principal: 50 MP (74.26°) F1.8 Gran angular: 5MP (120°) F2.2""",No,No,Sí,Sí,Sí,Sí,Sí,,
https://www.cetrogar.com.ar/celular-motorola-g15-6-7-4-128gb-verde.html,"Celular Motorola G15 6.7"" 4GB 128GB verde",$17.999,$249.999,$206.610,4GB,8 MP (80°) F2.05,2025-06-25,LTPS,"6.7""",No,2.0 GHz,Octa Core,5200mAH,"""Principal: 50 MP (74.26°) F1.8 Gran angular: 5MP (120°) F2.2""",No,No,Sí,Sí,Sí,Sí,Sí,,
https://www.cetrogar.com.ar/celular-motorola-g15-6-7-4-128gb-gris.html,"Celular Motorola G15 6.7"" 4GB 128GB Gris",$328.499,$249.999,$206.610,4GB,8 MP (80°) F2.05,2025-06-25,LTPS,"6.7""",No,2.0 GHz,Octa Core,5200mAH,"""Principal: 50 MP (74.26°) F1.8 Gran angular: 5MP (120°) F2.2""",No,No,Sí,Sí,Sí,Sí,Sí,,
https://www.cetrogar.com.ar/celular-samsung-galaxy-a15-6-5-4-128gb-light-blue.html,"Celular Samsung Galaxy A15 6.5"" 4GB 128GB light blue",$389.999,$271.999,$224.792,4GB,13.0 MP,2025-06-25,Super AMOLED,"6.5""",No,"2.2GHz,2GHz",Octa Core,"5,000mAh",50.0 MP + 5.0 MP + 2.0 MP,No,No,Sí,Sí,Sí,Sí,Sí,,
https://www.cetrogar.com.ar/celular-samsung-galaxy-a06-6-7-4-128gb-light-green.html,"Celular Samsung Galaxy A06 6.7"" 4GB 128GB Light green",$168.099,$274.999,$227.271,4GB,8.0 MP,2025-06-25,PLS LCD,"6.7""",No,"2GHz,1.8GHz",Octa Core,5.000 mAh,50.0 MP + 2.0 MP,No,No,Sí,Sí,Sí,No,Sí,,
https://www.cetrogar.com.ar/celular-samsung-galaxy-a06-6-7-4-128gb-black.html,"Celular Samsung Galaxy A06 6.7"" 4GB 128GB Black",$96.299,$274.999,$227.271,4GB,8.0 MP,2025-06-25,PLS LCD,"6.7""",No,"2GHz,1.8GHz",Octa Core,5.000 mAh,50.0 MP + 2.0 MP,No,No,Sí,Sí,Sí,No,Sí,,
https://www.cetrogar.com.ar/celular-nubia-focus-4g-6-6-4gb-256gb-negro.html,"Celular Nubia Focus 4G 6.6"" 4GB 256GB Negro",,$289.999,$239.668,4GB,8M,2025-06-25,AMOLED,"6.6""",No,A75 2.0GHz*2+A55 1.8GHz*6,Octa Core,5000mAh,108M+ 2M,No,No,Sí,Sí,Sí,Sí,Sí,,
https://www.cetrogar.com.ar/celular-tcl-40-nxtpaper-6-78-8-256gb-opalescent-rv.html,"Celular TCL 40 NXTPAPER 8GB 6.78"" 256GB Opalescent RV",$349.999,$289.999,$239.668,8GB,32MP,2025-06-25,Hole,"6.78""",No,90Ghz,Octa Core,5010mAh,50+5+2MP,No,No,Sí,Sí,Sí,Sí,Sí,,
https://www.cetrogar.com.ar/celular-oppo-a40-6-7-4gb-256gb-cafe.html,"Celular OPPO A40 6.7"" 4GB 256GB café",$399.999,$299.999,$247.933,4GB,5 MP,2025-06-25,LCD,"6.7""",No,8 nucleos,Octa Core,5100 mAh,50 MP + flicker,Sí,No,Sí,Sí,Sí,No,Sí,,
https://www.cetrogar.com.ar/celular-oppo-a40-6-7-4-256gb-lila-cargador-supervooc-45w.html,"Celular OPPO A40 6.7"" 4GB 256GB lila+ Cargador Supervooc 45W",$399.999,$299.999,$247.933,4GB,5 MP,2025-06-25,LCD,"6.7""",No,8 nucleos,Octa Core,5100 mAh,50 MP + flicker,Sí,No,Sí,Sí,Sí,No,Sí,,
https://www.cetrogar.com.ar/celular-infinix-hot-40i-6-56-4-128gb-green.html,"Celular Infinix Hot 40i 6.56"" 4GB 128GB green",$50.999,$299.999,$247.933,4GB,32MP,2025-06-25,LCD,"6.56""",No,1.6 GHz,Octa Core,5000Mhz,50MP+2MP+IA CAM,Sí,No,Sí,Sí,Sí,No,Sí,,
https://www.cetrogar.com.ar/celular-infinix-hot-40i-6-56-4-128gb-palm-blue.html,"Celular Infinix Hot 40i 6.56"" 4GB 128GB palm",$168.099,$299.999,$247.933,4GB,32MP,2025-06-25,LCD,"6.56""",No,1.6 GHz,Octa Core,5000Mhz,50MP+2MP+IA CAM,Sí,No,Sí,Sí,Sí,No,Sí,,
https://www.cetrogar.com.ar/celular-infinix-hot-40i-6-56-4-128gb-horizon-gold.html,"Celular Infinix Hot 40i 6.56"" 4GB 128GB Horizon Gold",$168.099,$299.999,$247.933,4GB,32MP,2025-06-25,LCD,"6.56""",No,2.2GHz,Octa Core,5000Mhz,50MP+2MP+IA CAM,Sí,No,Sí,Sí,Sí,No,Sí,,
https://www.cetrogar.com.ar/celular-infinix-hot-40i-6-56-4-128gb-starlit-black.html,"Celular Infinix Hot 40i 6.56"" 4GB 128GB Starlit Black",$168.099,$299.999,$247.933,4GB,32MP,2025-06-25,LCD,"6.56""",No,2.2GHz,Octa Core,5000Mhz,50MP+2MP+IA CAM,Sí,No,Sí,Sí,Sí,No,Sí,,
https://www.cetrogar.com.ar/celular-samsung-galaxy-a16-6-7-4gb-128gb-black.html,"Celular Samsung Galaxy A16 6.7"" 4GB 128GB Black",$389.999,$304.999,$252.065,4GB,13.0 MP,2025-06-25,Super AMOLED,"6.7""",No,"2.2GHz,2GHz",Octa Core,5.000 mAh,50.0 MP + 5.0 MP + 2.0 MP,No,No,Sí,Sí,Sí,Sí,Sí,,
https://www.cetrogar.com.ar/celular-xiaomi-14c-6-8-4gb-128gb-green.html,"Celular Xiaomi Redmi 14C 6.8"" 4GB 128GB Green",$349.999,$329.999,$272.726,4GB,"13 MP, f/2.0",2025-06-25,IPS,"6.8""",No,(2x2.0 GHz Cortex-A75 & 6x1.8 GHz Cortex-A55,Octa Core,500mAh,"50 MP, f/1.8, 28mm (wide), PDAF",Sí,No,No,Sí,Sí,No,Sí,,
https://www.cetrogar.com.ar/celular-xiaomi-14c-6-8-4gb-128gb-blue.html,"Celular Xiaomi Redmi 14C 6.8"" 4GB 128GB Blue",$349.999,$329.999,$272.726,4GB,"13 MP, f/2.0",2025-06-25,IPS,"6.8""",No,(2x2.0 GHz Cortex-A75 & 6x1.8 GHz Cortex-A55,Octa Core,500mAh,"50 MP, f/1.8, 28mm (wide), PDAF",Sí,No,No,Sí,Sí,No,Sí,,
https://www.cetrogar.com.ar/celular-xiaomi-14c-6-8-4gb-128gb-black.html,"Celular Xiaomi Redmi 14C 6.8"" 4GB 128GB Black",$349.999,$329.999,$272.726,4GB,"13 MP, f/2.0",2025-06-25,IPS,"6.8""",No,(2x2.0 GHz Cortex-A75 & 6x1.8 GHz Cortex-A55,Octa Core,500mAh,"50 MP, f/1.8, 28mm (wide), PDAF",Sí,No,No,Sí,Sí,No,Sí,,
https://www.cetrogar.com.ar/celular-samsung-galaxy-a15-6-5-4-128gb-blue-black.html,"Celular Samsung Galaxy A15 6.5"" 4GB 128GB blue black",$389.999,$349.999,$289.255,4GB,13.0 MP,2025-06-25,Super AMOLED,"6.5""",No,"2.2GHz,2GHz",Octa Core,"5,000 mAh",50.0 MP + 5.0 MP + 2.0 MP,No,No,Sí,Sí,Sí,Sí,Sí,,
https://www.cetrogar.com.ar/celular-spark-20-pro-tecno-mobile-6-78-8-256gb-black.html,"Celular Spark 20 PRO Tecno Mobile 6.78"" 8GB 256GB Black",$494.499,$369.999,$305.784,4GB,32MP,2025-06-25,LCD,"6.78""",No,1000 MHz,Octa Core,5000mAh,108MP,Sí,No,Sí,Sí,Sí,No,Sí,,
https://www.cetrogar.com.ar/celular-realme-c61-green-8-256gb-dark-green.html,"Celular Realme C61 6.7"" 8GB 256GB Dark green",$290.899,$379.999,$314.048,8GB,5MP,2025-06-25,FHD,"6.7""",Sí,1.8 GHz,Octa Core,5000Mhz,50MP,Sí,No,Sí,Sí,Sí,Sí,Sí,"Funda, cargador y cable USB",
https://www.cetrogar.com.ar/celular-realme-c61-gold-8-256gb-sparkle-gold.html,"Celular Realme C61 6.7"" 8GB 256GB Sparkle gold",$96.299,$379.999,$314.048,8GB,5MP,2025-06-25,FHD,"6.7""",Sí,1.8 GHz,Octa Core,5000Mhz,50MP,Sí,No,Sí,Sí,Sí,Sí,Sí,"Funda, cargador y cable USB",
https://www.cetrogar.com.ar/celular-focus-nubia-5g-6-256gb-negro.html,"Celular Nubia Focus 6.6"" 5G 6GB 256GB negro",$328.499,$382.999,$316.528,6GB,8M FF,2025-06-25,AMOLED,"6.6""",No,2.84 GHz,Quad Core,5000 mAh,108M AF +2M FF,Sí,No,Sí,No,Sí,Sí,Sí,,
https://www.cetrogar.com.ar/celular-xiaomi-14c-6-8-4gb-256gb-green.html,"Celular Xiaomi Redmi 14C 6.8"" 4GB 256GB green",$399.999,$389.999,$322.313,4GB,"13 MP, f/2.0",2025-06-25,IPS,"6.8""",No,(2x2.0 GHz Cortex-A75 & 6x1.8 GHz Cortex-A55,Octa Core,500mAh,"50 MP, f/1.8, 28mm (wide), PDAF",Sí,No,No,Sí,Sí,No,Sí,,
https://www.cetrogar.com.ar/celular-xiaomi-14c-6-8-4gb-256gb-blue.html,"Celular Xiaomi Redmi 14C 6.8"" 4GB 256GB Blue",$399.999,$389.999,$322.313,4GB,"13 MP, f/2.0",2025-06-25,IPS,"6.8""",No,(2x2.0 GHz Cortex-A75 & 6x1.8 GHz Cortex-A55,Octa Core,500mAh,"50 MP, f/1.8, 28mm (wide), PDAF",Sí,No,No,Sí,Sí,No,Sí,,
https://www.cetrogar.com.ar/celular-xiaomi-14c-6-8-4gb-256gb-black.html,"Celular Xiaomi Redmi 14C 6.8"" 4GB 256GB Black",$399.999,$389.999,$322.313,4GB,"13 MP, f/2.0",2025-06-25,IPS,"6.8""",No,(2x2.0 GHz Cortex-A75 & 6x1.8 GHz Cortex-A55,Octa Core,500mAh,"50 MP, f/1.8, 28mm (wide), PDAF",Sí,No,No,Sí,Sí,No,Sí,,
https://www.cetrogar.com.ar/celular-samsung-galaxy-a16-6-7-4-128g-gray.html,"Celular Samsung Galaxy A16 6.7"" 4GB 128G Gray",$345.799,$389.999,$322.313,4GB,13.0 MP,2025-06-25,Super AMOLED,"6.7""",No,"2.2GHz,2GHz",Octa Core,5.000 mAh,50.0 MP + 5.0 MP + 2.0 MP,No,No,Sí,Sí,Sí,Sí,Sí,,
https://www.cetrogar.com.ar/celular-oppo-a60-6-7-8gb-256gb-negro.html,"Celular OPPO A60 6.7"" 8GB 256GB negro",$569.999,$394.999,$326.445,8GB,5 MP,2025-06-25,LCD,"6.7""",No,8 nucleos,Octa Core,5100 mAh,50 MP + flicker,Sí,No,Sí,Sí,Sí,No,Sí,,
https://www.cetrogar.com.ar/celular-oppo-a60-6-7-8gb-256gb-blanco.html,"Celular OPPO A60 6.7"" 8GB 256GB blanco",$569.999,$394.999,$326.445,8GB,5 MP,2025-06-25,LCD,"6.7""",No,8 nucleos,Octa Core,5100 mAh,50 MP + flicker,Sí,No,Sí,Sí,Sí,No,Sí,,
https://www.cetrogar.com.ar/celular-motorola-lib-g35-5g-4-128-gb-verde.html,"Celular Motorola Moto G35 6.7"" 5G 4GB 128GB verde",$4.119,$399.999,$330.577,4GB,16 MP (81.9°) F2.45,2025-06-25,LTPS,"6.7""",Sí,2.2 GHz,Octa Core,5000mAH,"""Principal: 50 MP (74.26°) F1.8 Gran angular: 8 MP (120.2°) F2.2""",Sí,No,No,Sí,Sí,Sí,Sí,,
https://www.cetrogar.com.ar/celular-motorola-lib-g35-5g-4-128-gb-gris.html,"Celular Motorola Moto G35 6.7"" 5G 4GB 128GB gris",$53.999,$399.999,$330.577,4GB,16 MP (81.9°) F2.45,2025-06-25,LTPS,"6.7""",Sí,2.2 GHz,Octa Core,5000mAH,"""Principal: 50 MP (74.26°) F1.8 Gran angular: 8 MP (120.2°) F2.2""",Sí,No,No,Sí,Sí,Sí,Sí,,
https://www.cetrogar.com.ar/celular-samsung-galaxy-a16-5g-blue-black.html,"Celular Samsung Galaxy A16 6.7"" 5G 8GB 256GB Blue Black",$529.999,$415.999,$343.800,8GB,13.0 MP,2025-06-25,Super AMOLED,"6.7""",No,"2.4GHz,2GHz",Octa Core,5.000 mAh,50.0 MP + 5.0 MP + 2.0 MP,No,No,Sí,Sí,Sí,No,Sí,,
https://www.cetrogar.com.ar/celular-tecno-mobile-kl7-spark-30-pro-8gb-256gb-obsidian-edge.html,Celular Tecno Mobile KL7 Spark 30 Pro 8GB 256GB Obsidian Edge,$599.999,$419.999,$347.106,8GB,13MP,2025-06-25,OLED,"6.78""",No,built in CPU/1.0GHz,,5000mAh,108M+Light sensor,Sí,No,Sí,Sí,Sí,Sí,Sí,,
https://www.cetrogar.com.ar/celular-tecno-mobile-kl7-spark-30-pro-8gb-256gb-artic-glow.html,Celular Tecno Mobile KL7 Spark 30 Pro 8GB 256GB Artic Glow,$599.999,$419.999,$347.106,8GB,13MP,2025-06-25,OLED,"6.78""",No,built in CPU/1.0GHz,,5000mAh,108M+Light sensor,Sí,No,Sí,Sí,Sí,Sí,Sí,,
https://www.cetrogar.com.ar/celular-neo-2-nubia-5g-8-256gb-amarillo.html,"Celular Nubia Neo 2 6.7"" 5G 8GB 256GB amarillo",$455.999,$419.999,$347.106,8GB,16 MPX,2025-06-25,IPS,"6.7""",No,2700 Mhz,Octa Core,5000 mAh,50 MPX,No,No,Sí,Sí,Sí,Sí,Sí,,
https://www.cetrogar.com.ar/celular-neo-2-nubia-6-7-8-256gb-gris.html,"Celular Nubia Neo 2 6.7"" 8GB 256GB gris",$455.999,$419.999,$347.106,8GB,32M FF,2025-06-25,AMOLED,"6.7""",No,2.84 GHz,Quad Core,4.500 mAh,50M AF+2M FF,Sí,No,Sí,No,Sí,Sí,Sí,,
https://www.cetrogar.com.ar/celular-neo-2-nubia-6-7-8-256gb-plateado.html,"Celular Neo 2 Nubia 6.7"" 8GB 256GB plateado",$455.999,$419.999,$347.106,8GB,32M FF,2025-06-25,AMOLED,"6.7""",No,2.84 GHz,Quad Core,4.500 mAh,50M AF+2M FF,Sí,No,Sí,No,Sí,Sí,Sí,,
https://www.cetrogar.com.ar/celular-pova-tecno-mobile-6-78-8-256gb-comet-green.html,"Celular Tecno Mobile Pova 6 6.78"" 8GB 256GB comet green",$599.999,$425.999,$352.065,8GB,32MP,2025-06-25,OLED,"6.78""",No,2.2 GHz,Octa Core,6000mAH,108MP,Sí,No,Sí,Sí,Sí,Sí,Sí,,
https://www.cetrogar.com.ar/celular-pova-tecno-mobile-6-78-8-256gb-interstellar-blue.html,"Celular Tecno Mobile Pova 6 6.78"" 8GB 256GB interstellar blue",$599.999,$425.999,$352.065,8GB,32MP,2025-06-25,OLED,"6.78""",No,2.2 GHz,Octa Core,6000mAH,108MP,Sí,No,Sí,Sí,Sí,Sí,Sí,,
https://www.cetrogar.com.ar/celular-pova-tecno-mobile-6-78-8-256gb-meteorite-grey.html,"Celular Tecno Mobile Pova 6 6.78"" 8GB 256GB meteorite grey",$599.999,$425.999,$352.065,8GB,32MP,2025-06-25,OLED,"6.78""",No,2.2 GHz,Octa Core,6000mAH,108MP,Sí,No,Sí,Sí,Sí,Sí,Sí,,
https://www.cetrogar.com.ar/celular-xiaomi-note-13-6-6-6-128gb-ice-blue.html,"Celular Xiaomi Redmi Note 13 6.6"" 6GB 128GB Ice blue",$449.999,$429.999,$355.371,6GB,16 MP,2025-06-25,AMOLED,"6.6""",No,4x2.8 GHz,Octa Core,Li-Po 5000 mAh,108 MP,Sí,No,Sí,Sí,Sí,No,Sí,,
https://www.cetrogar.com.ar/celular-xiaomi-note-13-6-6-6-128gb-black.html,"Celular Xiaomi Redmi Note 13 6.6"" 6GB blanco",$449.999,$429.999,$355.371,6GB,16 MP,2025-06-25,AMOLED,"6.6""",No,4x2.8 GHz,Octa Core,Li-Po 5000 mAh,108 MP,Sí,No,Sí,Sí,Sí,No,Sí,,
https://www.cetrogar.com.ar/celular-xiaomi-note-13-6-6-6-128gb-green.html,"Celular Xiaomi Redmi Note 13 6.6"" 6GB 128GB green",$449.999,$429.999,$355.371,6GB,16 MP,2025-06-25,AMOLED,"6.6""",No,4x2.8 GHz,Octa Core,Li-Po 5000 mAh,108 MP,Sí,No,Sí,Sí,Sí,No,Sí,,
https://www.cetrogar.com.ar/celular-c75-gold-4-256gb-lighting-gold.html,Celular C75 Gold 4/256GB Lighting gold,$17.999,$449.999,$371.899,4GB,5MP,2025-06-25,FHD,"6.7""",Sí,1.8 GHz,Octa Core,6000Mhz,50MP,Sí,No,Sí,Sí,Sí,Sí,Sí,"Funda, cargador y cable USB",
https://www.cetrogar.com.ar/celular-c75-black-4-256gb-storm-black.html,Celular C75 Black 4/256GB Storm black,$6.859,$449.999,$371.899,4GB,5MP,2025-06-25,FHD,"6.7""",Sí,1.8 GHz,Octa Core,6000Mhz,50MP,Sí,No,Sí,Sí,Sí,Sí,Sí,"Funda, cargador y cable USB",
https://www.cetrogar.com.ar/celular-motorola-g85-6-6-8-256gb-5g-gris.html,"Celular Motorola G85 6.6"" 8GB 256GB 5G gris",$699.999,$489.999,$404.957,8GB,32 MP (80.53°) F2.5,2025-06-25,POLED,"6.6""",No,2.3 GHz,Octa Core,5000mAH,Principal: 50 MP (81.4°) F1.79 Gran angular y Macro: 8 MP (118.6°) F2.2,Sí,No,Sí,Sí,Sí,Sí,Sí,,
https://www.cetrogar.com.ar/celular-infinix-note-40-5g-8-256-titan-gold.html,"Celular Infinix Note 40 6.78"" 5G 8GB 256GB Titan GOLD",$679.999,$499.999,$413.222,8GB,32MP,2025-06-25,FLEXIBLE AMOLED,"6.78""",No,Octa-core (2x2.2 GHz Cortex-A78 & 6x2.0 GHz Cortex-A55),MTK 7020,5000Mhz,108MP,Sí,No,No,Sí,Sí,No,Sí,Parlantes JBL,
https://www.cetrogar.com.ar/celular-infinix-note-40-5g-8-256gb-obsidian-black.html,"Celular Infinix Note 40 6.78"" 5G 8GB 256GB Obsidian black",$679.999,$499.999,$413.222,8GB,32MP,2025-06-25,FLEXIBLE AMOLED,"6.78""",No,Octa-core (2x2.2 GHz Cortex-A78 & 6x2.0 GHz Cortex-A55),MTK 7020,5000Mhz,108MP,Sí,No,No,Sí,Sí,No,Sí,,
https://www.cetrogar.com.ar/celular-infinix-hot-40-pro-6-78-8-256gb-palm-blue.html,"Celular Infinix Hot 40 Pro 6.78"" 8GB 256GB Palm blue",$328.499,$499.999,$413.222,8GB,32MP,2025-06-25,LCD,"6.78""",No,2.2GHz,Octa Core,5000Mhz,108MP+2MP(Macro)+2MP,Sí,No,Sí,Sí,Sí,Sí,Sí,,
https://www.cetrogar.com.ar/celular-infinix-hot-40-pro-6-78-8-256gb-starlit-black.html,"Celular Infinix Hot 40 Pro 6.78"" 8GB 256GB Starlit black",$26.999,$499.999,$413.222,8GB,32MP,2025-06-25,LCD,"6.78""",No,2.2GHz,Octa Core,5000Mhz,108MP+2MP(Macro)+2MP,Sí,No,Sí,Sí,Sí,Sí,Sí,,
https://www.cetrogar.com.ar/celular-tcl-50-pro-nxtpaper-6-8-5g-8-8-512gb-white.html,"Celular TCL PRO NXTPAPER 50 6.8"" 5G 8+8GB 8+8GB 512GB withe",$549.999,$499.999,$413.222,8GB,32MP,2025-06-25,IPS,"6.8""",Sí,2x A76 2.2GHz +6x A55 2.0GHz,Octa Core,5010mAh,108+8+2 MP,No,No,Sí,Sí,Sí,Sí,Sí,,
https://www.cetrogar.com.ar/celular-tcl-50-pro-nxtpaper-6-8-5g-8-8-512gb-space-gray-rv.html,"Celular TCL 50 PRO NXTPAPER 6.8"" 5G 8+8GB 512GB space gray RV",$549.999,$499.999,$413.222,8GB,32MP,2025-06-25,IPS,"6.8""",Sí,2x A76 2.2GHz +6x A55 2.0GHz,Octa Core,5010mAh,108+8+2 MP,No,No,Sí,Sí,Sí,Sí,Sí,,
https://www.cetrogar.com.ar/celular-pova-tecno-mobile-6-78-12-256gb-comet-green.html,"Celular Tecno Mobile Pova 6 6.78"" 12GB 256GB comet green",$699.999,$509.999,$421.486,12GB,32MP,2025-06-25,OLED,"6.78""",No,2.2 GHz,Octa Core,6000mAH,108MP,Sí,No,Sí,Sí,Sí,Sí,Sí,,
https://www.cetrogar.com.ar/celular-pova-tecno-mobile-6-78-12-256gb-interstellar-blue.html,"Celular Tecno Mobile Pova 6 6.78"" 12GB 256GB Interstellar blue",$699.999,$509.999,$421.486,4GB,32MP,2025-06-25,OLED,"6.78""",No,2.2 GHz,Octa Core,6000mAH,108MP,Sí,No,Sí,Sí,Sí,Sí,Sí,,
https://www.cetrogar.com.ar/celular-ercm-pova-tecno-mobile-6-78-12-256gb-meteorite-grey.html,"Celular Tecno Mobile Pova 6 6.78"" 12GB 256GB Meteorite grey",$699.999,$509.999,$421.486,4GB,32MP,2025-06-25,OLED,"6.78""",No,2.2 GHz,Octa Core,6000mAH,108MP,Sí,No,Sí,Sí,Sí,Sí,Sí,,
https://www.cetrogar.com.ar/celular-focus-pro-nubia-6-7-8-256gb-brown.html,"Celular Nubia Focus Pro 6.7"" 8GB 256GB brown",$168.099,$509.999,$421.486,8GB,32M FF,2025-06-25,AMOLED,"6.7""",No,2.84 GHz,Quad Core,4.500 mAh,108M AF (OIS) +5M AF+2M FF,No,No,Sí,No,Sí,Sí,Sí,,
https://www.cetrogar.com.ar/celular-focus-pro-nubia-6-7-8-512gb-negro.html,"Celular Nubia Focus Pro 6.7"" 8GB 256GB negro",$290.899,$509.999,$421.486,8GB,32M FF,2025-06-25,AMOLED,"6.7""",No,2.84 GHz,Quad Core,4.500 mAh,108M AF (OIS) +5M AF+2M FF,No,No,Sí,No,Sí,Sí,Sí,,
https://www.cetrogar.com.ar/celular-samsung-galaxy-a16-5g-light-gray.html,Celular Samsung Galaxy A16 5G Light Gray,$26.999,$529.999,$438.015,8GB,13.0 MP,2025-06-25,Super AMOLED,"6.7""",No,"2.4GHz,2GHz",Octa Core,5.000 mAh,50.0 MP + 5.0 MP + 2.0 MP,No,No,Sí,Sí,Sí,No,Sí,,
https://www.cetrogar.com.ar/celular-xiaomi-note-13-mid-6-6-8-256gb-ice-blue.html,"Celular Xiaomi Redmi Note 13 Mid 6.6"" 8GB 256GB Ice",$97.999,$549.999,$454.544,8GB,16 MP (wide),2025-06-25,IPS,"6.6""",No,,Octa Core,Li-Po 5000 mAh,108 MP (wide),Sí,No,Sí,Sí,Sí,No,Sí,,
https://www.cetrogar.com.ar/celular-xiaomi-note-13-mid-6-6-8-256gb-green.html,"Celular Xiaomi Redmi Note 13 Mid 6.6"" 8GB 256GB green",$17.999,$549.999,$454.544,8GB,16 MP (wide),2025-06-25,IPS,"6.6""",No,,Octa Core,Li-Po 5000 mAh,108 MP (wide),Sí,No,Sí,Sí,Sí,No,Sí,,
https://www.cetrogar.com.ar/celular-xiaomi-redmi-note-13-mid-6-6-8gb-256gb-black.html,"Celular Xiaomi Redmi Note 13 Mid 6.6"" 8GB 256GB black",$96.299,$549.999,$454.544,8GB,16 MP (wide),2025-06-25,IPS,"6.6""",No,,Octa Core,Li-Po 5000 mAh,108 MP (wide),Sí,No,Sí,Sí,Sí,No,Sí,,
https://www.cetrogar.com.ar/celular-samsung-galaxy-a26-5g-6-7-8gb-256gb-black.html,"Celular Samsung Galaxy A26 5G 6.7"" 8GB 256GB Black",$699.999,$576.999,$476.858,8GB,13.0 MP,2025-06-25,AMOLED,"6.7""",Sí,"2.4GHz,2GHz",Octa Core,5.000 mAh,50.0 MP + 8.0 MP + 2.0 MP,No,No,Sí,Sí,Sí,No,Sí,,
https://www.cetrogar.com.ar/celular-motorola-g85-6-6-8-256gb-5g-azul.html,"Celular Motorola G85 6.6"" 8GB 256GB 5G azul",$699.999,$579.999,$479.338,8GB,32 MP (80.53°) F2.5,2025-06-25,POLED,"6.6""",No,2.3 GHz,Octa Core,5000mAH,Principal: 50 MP (81.4°) F1.79 Gran angular y Macro: 8 MP (118.6°) F2.2,Sí,No,Sí,Sí,Sí,Sí,Sí,,
https://www.cetrogar.com.ar/celular-motorola-g85-6-6-8-256gb-5g-green.html,"Celular Motorola G85 6.6"" 8GB 256GB 5G green",$699.999,$579.999,$479.338,8GB,32 MP (80.53°) F2.5,2025-06-25,POLED,"6.6""",No,2.3 GHz,Octa Core,5000mAH,Principal: 50 MP (81.4°) F1.79 Gran angular y Macro: 8 MP (118.6°) F2.2,Sí,No,Sí,Sí,Sí,Sí,Sí,,
https://www.cetrogar.com.ar/celular-tecno-mobile-camon-30s-8-256gb-gold.html,"Celular Tecno Mobile Camon 30S 6.78"" 8GB 256GB Gold",$829.999,$589.999,$487.602,8GB,50MP,2025-06-25,AMOLED,"6.78""",No,1 GHz,MTK Helio G100,5000mAh,50MP,Sí,No,Sí,Sí,Sí,Sí,Sí,,
https://www.cetrogar.com.ar/celular-tecno-mobile-camon-30s-8-256gb-green.html,"Celular Tecno Mobile Camon 30S 6.78"" 8GB 256GB Green",$829.999,$589.999,$487.602,8GB,50MP,2025-06-25,AMOLED,"6.78""",No,1 GHz,MTK Helio G100,5000mAh,50MP,Sí,No,Sí,Sí,Sí,Sí,Sí,,
https://www.cetrogar.com.ar/celular-tecno-camon-30s-8-256gb-grey.html,"Celular Tecno Mobile Camon 30S 6.78"" 8GB 256GB Grey",$829.999,$589.999,$487.602,8GB,50MP,2025-06-25,AMOLED,"6.78""",No,1 GHz,MTK Helio G100,5000mAh,50MP,Sí,No,Sí,Sí,Sí,Sí,Sí,,
https://www.cetrogar.com.ar/celular-motorola-edge-50-fusion-6-6-8-256gb-marsh-blue.html,"Celular Motorola Edge 50 6.6"" Fusion 8GB 256GB Marsh blue",$799.999,$599.999,$495.866,8GB,32 MP (80.53°) F2.45,2025-06-25,POLED,"6.55""",Sí,1.6 GHz,Octa Core,5000mAH,50 MP (84.1°) F1.88,Sí,No,Sí,Sí,Sí,Sí,Sí,,
https://www.cetrogar.com.ar/celular-motorola-edge-50-fusion-6-6-8-256gb-hot-pink.html,"Celular Motorola Edge 50 6.6"" Fusion 8GB 256GB Hot pink",$799.999,$599.999,$495.866,8GB,32 MP (80.53°) F2.45,2025-06-25,POLED,"6.55""",Sí,1.6 GHz,Octa Core,5000mAH,50 MP (84.1°) F1.88,Sí,No,Sí,Sí,Sí,Sí,Sí,,
https://www.cetrogar.com.ar/celular-motorola-edge-50-fusion-6-6-8-256gb-forest-blue.html,"Celular Motorola Edge 50 6.6"" Fusion 8GB 256GB Forest blue",$799.999,$599.999,$495.866,8GB,32 MP (80.53°) F2.45,2025-06-25,POLED,"6.55""",Sí,1.6 GHz,Octa Core,5000mAH,50 MP (84.1°) F1.88,Sí,No,Sí,Sí,Sí,Sí,Sí,,
https://www.cetrogar.com.ar/celular-samsung-galaxy-a36-5g-6-7-8-256-gb-awesome-black.html,"Celular Samsung Galaxy A36 6.7"" 5G 8GB 256GB Awesome Black",$779.999,$642.999,$531.404,8GB,12.0 MP,2025-06-25,Super AMOLED,"6.7""",Sí,"2.4GHz,1.8GHz",Octa Core,5.000 mAh,50.0 MP + 8.0 MP + 5.0 MP,No,No,Sí,Sí,Sí,No,Sí,,
https://www.cetrogar.com.ar/celular-realme-12-pro-5g-6-7-8-256gb-navigator-beige.html,"Celular Realme 12 PRO 5G 6.7"" 8GB 256GB Navigator Beige",$4.119,$649.999,$537.189,8GB,16 MP,2025-06-25,Full HD + Super AMOLED,"6.7""",No,,Octa Core,5000 mAh,50+8+32,Sí,No,Sí,Sí,Sí,Sí,Sí,,
https://www.cetrogar.com.ar/celular-realme-12-pro-5g-6-7-8-256gb-submarine-blue.html,"Celular Realme 12 PRO 5G 6.7"" 8GB 256GB Submarine Blue",$24.499,$649.999,$537.189,8GB,16 MP,2025-06-25,Full HD + Super AMOLED,"6.7""",No,,Octa Core,5000 mAh,50+8+32,Sí,No,Sí,Sí,Sí,Sí,Sí,,
https://www.cetrogar.com.ar/celular-samsung-galaxy-a26-5g-6-7-8gb-256gb-mint.html,"Celular Samsung Galaxy A26 5G 6.7"" 8GB 256GB Mint",,$699.999,$578.511,8GB,13.0 MP,2025-06-25,AMOLED,"6.7""",Sí,"2.4GHz,2GHz",Octa Core,5.000 mAh,50.0 MP + 8.0 MP + 2.0 MP,No,No,Sí,Sí,Sí,No,Sí,,
https://www.cetrogar.com.ar/celular-samsung-galaxy-a26-5g-6-7-8gb-256gb-white.html,"Celular Samsung Galaxy A26 5G 6.7"" 8GB 256GB White",$389.999,$699.999,$578.511,8GB,13.0 MP,2025-06-25,AMOLED,"6.7""",Sí,"2.4GHz,2GHz",Octa Core,5.000 mAh,50.0 MP + 8.0 MP + 2.0 MP,No,No,Sí,Sí,Sí,No,Sí,,
https://www.cetrogar.com.ar/celular-infinix-note-40-pro-6-78-8-256gb-vintage-green.html,"Celular Infinix Note 40 Pro 6.78"" 8GB 256GB Vintage green",$779.999,$699.999,$578.511,8GB,32MP,2025-06-25,AMOLED,"6.78""",No,2x2.2 GHz Cortex,Octa Core,5000Mhz,108MP OIS+2MP+2MP,Sí,No,Sí,Sí,Sí,Sí,Sí,,
https://www.cetrogar.com.ar/celular-infinix-note-40-pro-6-78-8-256gb-obsidian-black.html,"Celular Infinix Note 40 Pro 6.78"" 8GB 256GB Obsidian black",$779.999,$699.999,$578.511,8GB,32MP,2025-06-25,AMOLED,"6.78""",No,2x2.2 GHz Cortex,Octa Core,5000Mhz,108MP OIS+2MP+2MP,Sí,No,Sí,Sí,Sí,Sí,Sí,,
https://www.cetrogar.com.ar/celular-samsung-galaxy-a56-5g-6-7-8-256-gb-awesome-lightgray.html,"Celular Samsung Galaxy A56 6.7""5G 8GB 256GB Awesome Lightgray",$929.999,$765.999,$633.057,8GB,12.0 MP,2025-06-25,Super AMOLED,"6.7""",Sí,"2.9GHz,2.6GHz,1.9GHz",Octa Core,5.000 mAh,50.0 MP + 12.0 MP + 5.0 MP,No,No,Sí,Sí,Sí,No,Sí,SIM 1 + eSIM,
https://www.cetrogar.com.ar/celular-samsung-galaxy-a36-5g-6-7-8-256-gb-awesome-lavender.html,"Celular Samsung Galaxy A36 6.7"" 5G 8GB 256GB Awesome Lavender",$389.999,$779.999,$644.627,8GB,12.0 MP,2025-06-25,Super AMOLED,"6.7""",Sí,"2.4GHz,1.8GHz",Octa Core,5.000 mAh,50.0 MP + 8.0 MP + 5.0 MP,No,No,Sí,Sí,Sí,No,Sí,,
https://www.cetrogar.com.ar/celular-oppo-reno-12f-6-7-12gb-256gb-naranja.html,"Celular OPPO RENO 12F 6.7"" 12GB 256GB naranja",$899.999,$799.999,$661.156,12GB,32 MP,2025-06-25,OLED,"6.7""",No,8 nucleos,Octa Core,5100 mAh,50+ 8 + 2 MP,Sí,No,Sí,Sí,Sí,Sí,Sí,,
https://www.cetrogar.com.ar/celular-oppo-reno-12f-6-7-12gb-256gb-verde.html,"Celular OPPO RENO 12F 6.7"" 12GB 256GB verde",$899.999,$799.999,$661.156,12GB,32 MP,2025-06-25,OLED,"6.7""",No,8 nucleos,Octa Core,5100 mAh,50+ 8 + 2 MP,Sí,No,Sí,Sí,Sí,Sí,Sí,,
https://www.cetrogar.com.ar/celular-motorola-edge-50-6-6-12-256gb-peach-fuzz.html,"Celular Motorola Edge 50 6.6"" 12GB 256GB Peach",$999.999,$799.999,$661.156,12GB,32 MP (80.53°) F2.45,2025-06-25,POLED,"6.6""",Sí,2.5 GHz,Octa Core,5000mAH,Principal: 50 MP (84.5°) F1.88 Gran angular y macro: 13 MP (120°) F2.2 Teleobjetivo: 10 MP (33°) F2.0,No,No,Sí,Sí,Sí,Sí,Sí,,
https://www.cetrogar.com.ar/celular-motorola-edge-50-6-6-12-256gb-green.html,"Celular Motorola Edge 50 6.6"" 12GB 256GB green",$999.999,$799.999,$661.156,12GB,32 MP (80.53°) F2.45,2025-06-25,POLED,"6.6""",Sí,2.5 GHz,Octa Core,5000mAH,Principal: 50 MP (84.5°) F1.88 Gran angular y macro: 13 MP (120°) F2.2 Teleobjetivo: 10 MP (33°) F2.0,No,No,Sí,Sí,Sí,Sí,Sí,,
https://www.cetrogar.com.ar/celular-motorola-edge-50-6-6-12-256gb-grey.html,"Celular Motorola Edge 50 6.6"" 12GB 256GB Grey",$999.999,$799.999,$661.156,12GB,32 MP (80.53°) F2.45,2025-06-25,POLED,"6.6""",Sí,2.5 GHz,Octa Core,5000mAH,Principal: 50 MP (84.5°) F1.88 Gran angular y macro: 13 MP (120°) F2.2 Teleobjetivo: 10 MP (33°) F2.0,No,No,Sí,Sí,Sí,Sí,Sí,,
https://www.cetrogar.com.ar/celular-samsung-galaxy-a56-5g-6-7-8-256-gb-awesome-graphite.html,"Celular Samsung Galaxy A56 6.7""5G 8GB 256GB Awesome Graphite",$389.999,$929.999,$768.594,8GB,12.0 MP,2025-06-25,Super AMOLED,"6.7""",Sí,"2.9GHz,2.6GHz,1.9GHz",Octa Core,5.000 mAh,50.0 MP + 12.0 MP + 5.0 MP,No,No,Sí,Sí,Sí,No,Sí,SIM 1 + eSIM,
https://www.cetrogar.com.ar/celular-samsung-galaxy-a56-5g-6-7-8-256-gb-awesome-olive.html,"Celular Samsung Galaxy A56 5G 6.7"" 8/256 GB Awesome Olive",$389.999,$929.999,$768.594,8GB,12.0 MP,2025-06-25,Super AMOLED,"6.7""",Sí,"2.9GHz,2.6GHz,1.9GHz",Octa Core,5.000 mAh,50.0 MP + 12.0 MP + 5.0 MP,No,No,Sí,Sí,Sí,No,Sí,SIM 1 + eSIM,
https://www.cetrogar.com.ar/celular-samsung-galaxy-a56-5g-6-7-8-256-gb-awesome-pink.html,"Celular Samsung Galaxy A56 5G 6.7"" 8/256 GB Awesome Pink",,$929.999,$768.594,8GB,12.0 MP,2025-06-25,Super AMOLED,"6.7""",Sí,"2.9GHz,2.6GHz,1.9GHz",Octa Core,5.000 mAh,50.0 MP + 12.0 MP + 5.0 MP,No,No,Sí,Sí,Sí,No,Sí,SIM 1 + eSIM,
https://www.cetrogar.com.ar/celular-infinix-gt20-pro-6-78-12-256gb-mecha-blue.html,"Celular Infinix GT20 PRO 6.78"" 12GB 256GB Mecha Blue",$26.999,$999.999,$826.445,12GB,32MP,2025-06-25,AMOLED,"6.78""",No,3.1 GHz.,,5000Mhz,108 MP + 2MP + 2MP,Sí,No,No,Sí,Sí,No,Sí,,
https://www.cetrogar.com.ar/celular-samsung-galaxy-a55-6-6-5g-8-256gb-awesome-navy.html,"Celular Samsung Galaxy A55 6.6"" 5G 8/256GB Awesome Navy",$328.499,$999.999,$826.445,8GB,32.0 MP,2025-06-25,Super AMOLED,"6.6""",No,"2.75GHz,2GHz",Octa Core,5000 mAh,50.0 MP + 12.0 MP + 5.0 MP,No,No,Sí,Sí,Sí,Sí,Sí,,
https://www.cetrogar.com.ar/celular-motorola-moto-razr40-6-9-8-256gb-gris.html,"Celular Motorola Moto Razr40 6.9"" 8GB 256GB gris",$1.299.999,$999.999,$826.445,8GB,32MP,2025-06-25,POLED,"6.9""",No,2.4 GHz,Octa Core,4200mAH,12MP,Sí,No,Sí,Sí,Sí,Sí,Sí,,
https://www.cetrogar.com.ar/celular-motorola-moto-edge-50-pro-6-6-12-512gb-lavender.html,"Celular Motorola Moto 6.6"" Edge 50 Pro 12GB 12GB 512GB Lavender",$345.799,$1.199.999,$991.734,12GB,50 MP (89.3°) F1.95,2025-06-25,POLED,"6.6""",Sí,2.63 GHz,Octa Core,4500mAH,Principal: 50 MP (81.2°) F1.47 Gran angular y macro: 13 MP (120°) F2.2 Tele: 10 MP (35.4°) F2.0,Sí,No,Sí,Sí,Sí,Sí,Sí,,
https://www.cetrogar.com.ar/celular-motorola-moto-edge-50-pro-6-6-12-512gb-black.html,"Celular Motorola Moto Edge 50 Pro 6.6"" 12GB 512GB Black",$193.199,$1.199.999,$991.734,12GB,50 MP (89.3°) F1.95,2025-06-25,POLED,"6.6""",Sí,2.63 GHz,Octa Core,4500mAH,Principal: 50 MP (81.2°) F1.47 Gran angular y macro: 13 MP (120°) F2.2 Tele: 10 MP (35.4°) F2.0,Sí,No,Sí,Sí,Sí,Sí,Sí,,
https://www.cetrogar.com.ar/celular-motorola-razr-40-ultra-6-9-12-512gb-glaciar.html,"Celular Motorola Razr 40 Ultra 6.9"" 12GB 512GB Glaciar",$1.699.999,$1.299.999,$1.074.379,12GB,32 MP (80.5°) F2.4,2025-06-25,OLED,"6.9""",No,3.2 GHz,Octa Core,3800mAH,12 MP (79.5°) F1.59,Sí,No,Sí,Sí,Sí,Sí,Sí,,
https://www.cetrogar.com.ar/celular-motorola-moto-razr-40-ultra-6-9-12-512gb-peach-fuzz.html,"Celular Motorola Moto Razr 40 Ultra 6.9"" 12GB 512GB Peach fuzz",$1.699.999,$1.299.999,$1.074.379,12GB,32MP,2025-06-25,POLED,"6.9""",No,3.2GHZ,Octa Core,3800mAH,12MP,Sí,No,Sí,Sí,Sí,Sí,Sí,,
https://www.cetrogar.com.ar/celular-motorola-razr-40-pro-ultra-6-9-12-512gb-negro.html,"Celular Motorola Razr 40 Pro Ultra 6.9"" 12GB 512GB negro",$1.699.999,$1.299.999,$1.074.379,12GB,32MP,2025-06-25,POLED,"6.9""",No,3.2 GHz,Octa Core,3800mAh,12MP,Sí,No,Sí,Sí,Sí,Sí,Sí,,
https://www.cetrogar.com.ar/celular-samsung-galaxy-s24-fe-6-7-8-256gb-graphite.html,"Celular Samsung Galaxy S24 FE 6.7"" 8GB 256GB Graphite",$193.199,$1.399.999,$1.157.023,8GB,10.0 MP,2025-06-25,Dynamic AMOLED 2X,"6.7""",Sí,"3.1GHz,2.9GHz,2.6GHz,1.95GHz",Deca Core,"4,700mAh",50.0 MP + 12.0 MP + 8.0 MP,Sí,No,Sí,Sí,Sí,Sí,Sí,,Sí
https://www.cetrogar.com.ar/celular-samsung-galaxy-s24-fe-6-7-8-256gb-blue.html,"Celular Samsung Galaxy S24 FE 6.7"" 8GB 256GB Blue",$96.299,$1.399.999,$1.157.023,8GB,10.0 MP,2025-06-25,Dynamic AMOLED 2X,"6.7""",Sí,"3.1GHz,2.9GHz,2.6GHz,1.95GHz",Deca Core,"4,700mAh",50.0 MP + 12.0 MP + 8.0 MP,Sí,No,Sí,Sí,Sí,Sí,Sí,,Sí
https://www.cetrogar.com.ar/celular-samsung-galaxy-s24-fe-6-7-8-256gb-gray.html,"Celular Samsung Galaxy S24 FE 6.7"" 8GB 256GB Gray",$53.999,$1.399.999,$1.157.023,8GB,10.0 MP,2025-06-25,Dynamic AMOLED 2X,"6.7""",Sí,"3.1GHz,2.9GHz,2.6GHz,1.95GHz",Deca Core,"4,700mAh",50.0 MP + 12.0 MP + 8.0 MP,Sí,No,Sí,Sí,Sí,Sí,Sí,,Sí
https://www.cetrogar.com.ar/celular-motorola-edge-50-ultra-6-6-12-512gb-nordic-wood.html,"Celular Motorola Edge 50 Ultra 6.6"" 12GB 512GB Nordic wood",$1.599.999,$1.499.999,$1.239.668,12GB,50 MP (89.3°) F1.95,2025-06-25,POLED,"6.6""",Sí,3 GHz,Octa Core,4500mAH,50 MP (84.7°) F1.68,Sí,No,Sí,Sí,Sí,Sí,Sí,,Sí
https://www.cetrogar.com.ar/celular-motorola-edge-50-ultra-6-6-12-512gb-peach-fuzz.html,"Celular Motorola Edge 50 Ultra 6.6"" 12GB 512GB Peach fuzz",$1.599.999,$1.499.999,$1.239.668,12GB,50 MP (89.3°) F1.95,2025-06-25,POLED,"6.6""",Sí,3 GHz,Octa Core,4500mAH,50 MP (84.7°) F1.68,Sí,No,Sí,Sí,Sí,Sí,Sí,,Sí
https://www.cetrogar.com.ar/celular-motorola-edge-50-ultra-6-6-12-512gb-negro.html,"Celular Motorola Edge 50 Ultra 6.6"" 12GB 512GB negro",$1.599.999,$1.499.999,$1.239.668,12GB,50 MP (89.3°) F1.95,2025-06-25,POLED,"6.6""",Sí,3 GHz,Octa Core,4500mAH,50 MP (84.7°) F1.68,Sí,No,Sí,Sí,Sí,Sí,Sí,,Sí
https://www.cetrogar.com.ar/celular-xiaomi-14t-6-67-12-512gb-titan-gray.html,"Celular Xiaomi Redmi 14T 6.67"" 12GB 512GB Titan gray",$1.649.999,$1.619.999,$1.338.842,12GB,32 MP,2025-06-25,AMOLED,"6.67""",Sí,(1x3.35 GHz Cortex-A715 & 3x3.20 GHz Cortex-A715 & 4x2.20 GHz Cortex-A510),Octa Core,Li-Po 5000 mAh,50 MP,Sí,No,Sí,Sí,Sí,Sí,Sí,,
https://www.cetrogar.com.ar/celular-xiaomi-14t-6-67-12-512gb-titan-black.html,"Celular Xiaomi Redmi 14T 6.67"" 12GB 512GB Titan black",$1.649.999,$1.619.999,$1.338.842,12GB,32 MP,2025-06-25,AMOLED,"6.67""",Sí,(1x3.35 GHz Cortex-A715 & 3x3.20 GHz Cortex-A715 & 4x2.20 GHz Cortex-A510),Octa Core,Li-Po 5000 mAh,50 MP,Sí,No,Sí,Sí,Sí,Sí,Sí,,
https://www.cetrogar.com.ar/celular-xiaomi-14t-6-67-12-512gb-titan-blue.html,"Celular Xiaomi Redmi 14T 6.67"" 12GB 512GB Titan blue",$1.649.999,$1.619.999,$1.338.842,12GB,32 MP,2025-06-25,AMOLED,"6.67""",Sí,(1x3.35 GHz Cortex-A715 & 3x3.20 GHz Cortex-A715 & 4x2.20 GHz Cortex-A510),Octa Core,Li-Po 5000 mAh,50 MP,Sí,No,Sí,Sí,Sí,Sí,Sí,,
https://www.cetrogar.com.ar/celular-samsung-galaxy-s25-6-2-12gb-256gb-navy.html,"Celular Samsung Galaxy S25 6.2"" 12GB 256GB Navy",$24.499,$1.699.999,$1.404.957,12GB,12.0 MP,2025-06-25,Dynamic AMOLED 2X,"6.2""",No,"4.47GHz,3.5GHz",Octa Core,4000mAh,50.0 MP + 10.0 MP + 12.0 MP,No,No,Sí,Sí,Sí,Sí,Sí,,
https://www.cetrogar.com.ar/celular-tecno-mobile-ae11-phantom-v-flip-2-5-256gb-moondust-grey.html,"Celular Tecno Mobile AE11 Phantom V Flip 2 6.9"" 5GB Moondust",$6.859,$1.799.999,$1.487.602,8GB,32MP,2025-06-25,Foldable AMOLED,"6.9""",No,836MHz,MTK D8020,5000mAh,50M OIS+50M UW,Sí,No,Sí,Sí,Sí,Sí,Sí,,
https://www.cetrogar.com.ar/celular-tecno-mobile-ae11-phantom-v-flip-2-5-256gb-travertine-green.html,"Celular Tecno Mobile AE11 Phantom V Flip 2 6.9"" 5GB Travertine",$26.999,$1.799.999,$1.487.602,8GB,32MP,2025-06-25,Foldable AMOLED,"6.9""",No,836MHz,MTK D8020,5000mAh,50M OIS+50M UW,Sí,No,Sí,Sí,Sí,Sí,Sí,,
https://www.cetrogar.com.ar/celular-samsung-galaxy-s25-12-512gb-icyblue.html,Celular Samsung Galaxy S25 12/512GB Icyblue,$53.999,$1.934.999,$1.599.172,12GB,12.0 MP,2025-06-25,Dynamic AMOLED 2X,"6.2""",No,"4.47GHz,3.5GHz",Octa Core,4000mAh,50.0 MP + 10.0 MP + 12.0 MP,No,No,Sí,Sí,Sí,Sí,Sí,,
https://www.cetrogar.com.ar/celular-motorola-razr-60-ultra-16gb-1tb-rio-red.html,Celular Motorola Razr 60 Ultra 16GB 1TB Rio Red,$389.999,$1.999.999,$1.652.891,16GB,32 MP (80.5°) F2.4,2025-06-25,LTPO,"6.9""",No,3.2 GHz,Octa Core,4.32 GHz,"""Principal: 50.3 MP (85°) F1.83 Gran angular y macro: 50 MP (122°) F2.0""",Sí,No,Sí,Sí,Sí,Sí,Sí,,
https://www.cetrogar.com.ar/celular-motorola-razr-60-ultra-16gb-1tb-mountain-trail.html,Celular Motorola Razr 60 Ultra 16GB 1TB Mountain Trail,$389.999,$1.999.999,$1.652.891,16GB,32 MP (80.5°) F2.4,2025-06-25,LTPO,"6.9""",No,3.2 GHz,Octa Core,4.32 GHz,"""Principal: 50.3 MP (85°) F1.83 Gran angular y macro: 50 MP (122°) F2.0""",Sí,No,Sí,Sí,Sí,Sí,Sí,,
https://www.cetrogar.com.ar/celular-motorola-razr-60-ultra-6-9-16gb-1tb-scarab.html,"Celular Motorola Razr 60 Ultra 6.9"" 16GB 1TB Scarab",$389.999,$1.999.999,$1.652.891,16GB,32 MP (80.5°) F2.4,2025-06-25,LTPO,"6.9""",No,3.2 GHz,Octa Core,4.32 GHz,Principal: 50.3 MP (85°) F1.83 Gran angular y macro: 50 MP (122°) F2.0,Sí,No,Sí,Sí,Sí,Sí,Sí,,
https://www.cetrogar.com.ar/celular-samsung-galaxy-s24-6-7-12-256gb-onyx-black.html,"Celular Samsung Galaxy S24+ 6.7"" 12GB 256GB onyx",$328.499,$1.999.999,$1.652.891,12GB,12.0 MP,2025-06-25,Dynamic AMOLED 2X,"6.7""",Sí,"3.2GHz,2.9GHz,2.6GHz,1.95GHz",,"4,900mAh",50.0 MP + 10.0 MP + 12.0 MP,Sí,No,Sí,Sí,Sí,Sí,Sí,,Sí
https://www.cetrogar.com.ar/celular-samsung-galaxy-s25-12-256gb-silver-shadow.html,Celular Samsung Galaxy S25+ 12GB 256GB Silver Shadow,$97.999,$2.054.999,$1.698.346,12GB,12.0 MP,2025-06-25,Dynamic AMOLED 2X,"6.7""",No,"4.47GHz,3.5GHz",Octa Core,"4,900mAh",50.0 MP + 10.0 MP + 12.0 MP,No,No,Sí,Sí,Sí,Sí,Sí,,
https://www.cetrogar.com.ar/celular-samsung-galaxy-s25-12-256gb-icyblue.html,"Celular Samsung Galaxy S25+ 6.7"" 12GB 256GB Icyblue",$96.299,$2.054.999,$1.698.346,12GB,12.0 MP,2025-06-25,Dynamic AMOLED 2X,"6.7""",No,"4.47GHz,3.5GHz",Octa Core,"4,900mAh",50.0 MP + 10.0 MP + 12.0 MP,No,No,Sí,Sí,Sí,Sí,Sí,,
https://www.cetrogar.com.ar/celular-samsung-galaxy-s25-12-256gb-navy.html,Celular Samsung Galaxy S25+ 12GB 256GB Navy,$96.299,$2.054.999,$1.698.346,12GB,12.0 MP,2025-06-25,Dynamic AMOLED 2X,"6.7""",No,"4.47GHz,3.5GHz",Octa Core,"4,900mAh",50.0 MP + 10.0 MP + 12.0 MP,No,No,Sí,Sí,Sí,Sí,Sí,,
https://www.cetrogar.com.ar/celular-samsung-galaxy-z-flip5-8-256gb-menta.html,"Celular Samsung Galaxy Z Flip5 6.7"" 8GB256GB menta",$26.999,$2.149.999,$1.776.858,8GB,10.0 MP,2025-06-25,Dynamic AMOLED 2X,"6.7"" - 3.4""",Sí,"3.36GHz,2.8GHz,2GHz",Octa Core,3700 mAh,12.0 MP + 12.0 MP,Sí,No,Sí,Sí,Sí,Sí,Sí,,Sí
https://www.cetrogar.com.ar/celular-samsung-galaxy-z-fold5-7-6-6-2-12-256gb-phantom-black.html,"Celular Samsung Galaxy Z Fold5 7.6"" 6.2"" 12GB 256GB Phantom black",$3.699.999,$2.199.999,$1.818.180,12GB,10.0 MP,2025-06-25,Dynamic AMOLED 2X,"7.6""",Sí,"3.36GHz,2.8GHz,2GHz",Octa Core,4400 mAh,50.0 MP + 12.0 MP + 10.0 MP,Sí,No,Sí,Sí,Sí,Sí,Sí,,Sí
https://www.cetrogar.com.ar/celular-samsung-galaxy-s24-6-7-12gb-512gb-onyx.html,"Celular Samsung Galaxy S24+ 6.7"" 12GB 512GB onyx",$26.999,$2.199.999,$1.818.180,12GB,12.0 MP,2025-06-25,Dynamic AMOLED 2X,"6.7""",Sí,"3.2GHz,2.9GHz,2.6GHz,1.95GHz",,"4,900mAh",50.0 MP + 10.0 MP + 12.0 MP,Sí,No,Sí,Sí,Sí,Sí,Sí,,Sí
https://www.cetrogar.com.ar/celular-samsung-galaxy-z-fold5-12-256gb-azul.html,"Celular Samsung Galaxy 7.6"" Z Fold5 12 GB GB 256GB azul",$3.699.999,$2.199.999,$1.818.180,12GB,10.0 MP,2025-06-25,Dynamic AMOLED 2X,"7.6""+ 6.2""",Sí,"3.36GHz,2.8GHz,2GHz",Octa Core,4400 mAh,50.0 MP + 12.0 MP + 10.0 MP,Sí,No,Sí,Sí,Sí,Sí,Sí,,Sí
https://www.cetrogar.com.ar/celular-samsung-galaxy-s25-12-512gb-mint.html,Celular Samsung Galaxy S25+ 12GB 512GB Mint,$96.299,$2.289.999,$1.892.561,12GB,12.0 MP,2025-06-25,Dynamic AMOLED 2X,"6.7""",No,"4.47GHz,3.5GHz",Octa Core,5.000 mAh,50.0 MP + 10.0 MP + 12.0 MP,No,No,Sí,Sí,Sí,Sí,Sí,,
https://www.cetrogar.com.ar/celular-samsung-galaxy-s25-12-512gb-navy.html,"Celular Samsung Galaxy S25+ 6.7"" 12GB 512GB Navy",$97.999,$2.289.999,$1.892.561,12GB,12.0 MP,2025-06-25,Dynamic AMOLED 2X,"6.7""",No,"4.47GHz,3.5GHz",Octa Core,5.000 mAh,50.0 MP + 10.0 MP + 12.0 MP,No,No,Sí,Sí,Sí,Sí,Sí,,
https://www.cetrogar.com.ar/celular-samsung-galaxy-s25-ultra-12-256gb-titanium-whitesilver.html,Celular Samsung Galaxy S25 Ultra 12GB 256GB Titanium Whitesilver,$328.499,$2.609.999,$2.157.023,12GB,12.0 MP,2025-06-25,Dynamic AMOLED 2X,"6.9""",No,"4.47GHz,3.5GHz",Octa Core,5.000 mAh,200.0 MP + 50.0 MP + 50.0 MP + 10.0 MP,No,No,Sí,Sí,Sí,Sí,Sí,,
https://www.cetrogar.com.ar/celular-samsung-galaxy-s25-ultra-12-256gb-titanium-silverblue.html,"Celular Samsung Galaxy S25 Ultra 6.9"" 12GB 256GB Titanium Silverblue",$328.499,$2.609.999,$2.157.023,12GB,12.0 MP,2025-06-25,Dynamic AMOLED 2X,"6.9""",No,"4.47GHz,3.5GHz",Octa Core,5.000 mAh,200.0 MP + 50.0 MP + 50.0 MP + 10.0 MP,No,No,Sí,Sí,Sí,Sí,Sí,,
https://www.cetrogar.com.ar/celular-samsung-galaxy-s25-ultra-12-256gb-titanium-black.html,Celular Samsung Galaxy S25 Ultra 12GB 256GB Titanium Black,$96.299,$2.609.999,$2.157.023,12GB,12.0 MP,2025-06-25,Dynamic AMOLED 2X,"6.9""",No,"4.47GHz,3.5GHz",Octa Core,5.000 mAh,200.0 MP + 50.0 MP + 50.0 MP + 10.0 MP,No,No,Sí,Sí,Sí,Sí,Sí,,
https://www.cetrogar.com.ar/celular-samsung-galaxy-s25-ultra-6-9-12-512gb-titanium-gray.html,"Celular Samsung Galaxy S25 Ultra 6.9"" 12GB 512GB Titanium Gray",$26.999,$2.844.999,$2.351.238,12GB,12.0 MP,2025-06-25,Dynamic AMOLED 2X,"6.9""",No,"4.47GHz,3.5GHz",Octa Core,5.000 mAh,200.0 MP + 50.0 MP + 50.0 MP + 10.0 MP,No,No,Sí,Sí,Sí,Sí,Sí,,
https://www.cetrogar.com.ar/celular-samsung-galaxy-s25-ultra-6-9-12-512gb-titanium-black.html,"Celular Samsung Galaxy S25 Ultra 6.9"" 12GB 512GB Titanium Black",$290.899,$2.844.999,$2.351.238,12GB,12.0 MP,2025-06-25,Dynamic AMOLED 2X,"6.9""",No,"4.47GHz,3.5GHz",Octa Core,5.000 mAh,200.0 MP + 50.0 MP + 50.0 MP + 10.0 MP,No,No,Sí,Sí,Sí,Sí,Sí,,
https://www.cetrogar.com.ar/celular-tecno-mobile-ae10-phantom-v-fold-2-12-512gb-karsten-green.html,"Celular Tecno Mobile AE10 Phantom V Fold 2 7.6"" 12GB 512GB Karsten",$4.119,$2.999.999,$2.479.338,12GB,32MP,2025-06-25,LTPO,"7.6""",No,836MHz,MTK D9000+,5000mAh,50M OIS+50M UW+50M tele,Sí,No,Sí,Sí,Sí,Sí,Sí,,
https://www.cetrogar.com.ar/celular-tecno-mobile-ae10-phantom-v-fold-2-12-512gb-ripping-blue.html,"Celular Tecno Mobile AE10 Phantom V Fold 2 7.6"" 12GB 512GB Ripping",$6.859,$2.999.999,$2.479.338,12GB,32MP,2025-06-25,LTPO,"7.6""",No,836MHz,MTK D9000+,5000mAh,50M OIS+50M UW+50M tele,Sí,No,Sí,Sí,Sí,Sí,Sí,,
